Source File	Size	loadResources	load	generateSnapshots	load-configure	scan	loadDepInfo	loadInfo	checkR4R4B	generateNarratives	validate	loadLists	checkConformanceResources	checkConformanceResources2	checkConformanceResources3	generateLogicalMaps	validateExpressions	scanForUsageStats	checkURLsUnique	processProvenanceDetails	generate1	generate2	generateLogicals	makeDependencies	generateExampleZip	generateValidationPack	scanProfilesForR5	scanExamplesForR5
/fsh-generated/resources/ImplementationGuide-mitre.fhir.spacehealth.json	47483	-	0	0	0	0	0	0	2	285	0	0	0	0	0	0	0	1	0	0	316	403	0	0	0	6	1	0
fsh-generated/resources/ConceptMap-MapNoradToLocation.json	87	2	0	0	0	0	0	0	0	7	0	0	0	0	0	0	0	0	0	0	8	284	0	0	0	1	0	0
fsh-generated/resources/ConceptMap-MapNoradToObservation.json	90	1	0	0	0	0	0	0	1	2	0	0	0	0	0	0	0	0	0	0	8	36	0	0	0	0	0	0
fsh-generated/resources/ConceptMap-MapObservationToLocation.json	93	1	0	0	0	0	0	0	0	1	0	0	0	0	0	0	0	0	0	0	8	44	0	0	0	0	0	0
fsh-generated/resources/ConceptMap-MapObservationToNorad.json	90	2	0	0	0	0	0	0	0	2	0	0	0	0	0	0	0	0	0	0	8	20	0	0	0	0	0	0
fsh-generated/resources/ConceptMap-MapVitalsBundleToPanel.json	91	1	0	0	0	0	0	0	0	1	0	0	0	0	0	0	0	0	0	0	7	36	0	0	0	0	0	0
fsh-generated/resources/Condition-ConditionAsphyxiation.json	488	2	0	0	0	0	0	0	0	2	0	0	0	0	0	0	0	0	0	0	10	27	0	0	0	0	0	0
fsh-generated/resources/Condition-ConditionBluntTrauma.json	474	1	0	0	0	0	0	0	0	1	0	0	0	0	0	0	0	0	0	0	11	30	0	0	0	0	0	0
fsh-generated/resources/Condition-ConditionBurn.json	480	1	0	0	0	0	0	0	0	0	0	0	0	0	0	0	0	0	0	0	10	29	0	0	0	0	0	0
fsh-generated/resources/Condition-ConditionHeartAttack.json	510	1	0	0	1	0	0	0	0	0	0	0	0	0	0	0	0	0	0	0	10	49	0	0	0	0	0	0
fsh-generated/resources/Condition-ConditionHypoxia.json	473	2	0	0	0	0	0	0	0	1	0	0	0	0	0	0	0	0	0	0	10	61	0	0	0	0	0	0
fsh-generated/resources/Condition-ConditionOccularDegeneration.json	507	1	0	0	0	0	0	0	0	5	0	0	0	0	0	0	0	0	0	0	11	70	0	0	0	0	0	0
fsh-generated/resources/Condition-ConditionOsteoporosis.json	483	1	0	0	0	0	0	0	0	3	0	0	0	0	0	0	0	0	0	0	10	8	0	0	0	0	0	0
fsh-generated/resources/Condition-ConditionRadiationExposure.json	514	2	0	0	0	0	0	0	0	0	0	0	0	0	0	0	0	0	0	0	11	9	0	0	0	0	0	0
fsh-generated/resources/Condition-ConditionSmokeInhalation.json	489	1	0	0	0	0	0	0	0	1	0	0	0	0	0	0	0	0	0	0	11	9	0	0	0	0	0	0
fsh-generated/resources/Condition-ConditionStroke.json	490	1	0	0	0	0	0	0	0	1	0	0	0	0	0	0	0	0	0	0	10	9	0	0	0	0	0	0
fsh-generated/resources/Consent-ConsentAnonLoc.json	1679	1	0	0	0	0	0	0	0	13	0	0	0	0	0	0	0	0	0	0	20	11	0	0	0	0	0	0
fsh-generated/resources/Consent-ConsentAnonOrg.json	1831	2	0	0	0	0	0	0	0	7	0	0	0	0	0	0	0	0	0	0	22	10	0	0	0	0	0	0
fsh-generated/resources/Consent-ConsentAnonPrac.json	1688	1	0	0	0	0	0	0	0	5	0	0	0	0	0	0	0	0	0	0	22	20	0	0	0	0	0	0
fsh-generated/resources/Consent-ConsentClinicianLoc.json	1707	2	0	0	0	0	0	0	0	5	0	0	0	0	0	0	0	0	0	0	23	20	0	0	0	0	0	0
fsh-generated/resources/Consent-ConsentClinicianOrg.json	1715	1	0	0	0	0	0	0	0	6	0	0	0	0	0	0	0	0	0	0	24	19	0	0	0	0	0	0
fsh-generated/resources/Contract-SpaceTourismTravelInsuranceContract.json	207	1	0	0	0	0	0	0	0	0	0	0	0	0	0	0	0	0	0	0	9	25	0	0	0	0	0	0
fsh-generated/resources/Device-AscentEntrySpacesuit.json	374	1	0	0	0	0	0	0	0	3	0	0	0	0	0	0	0	0	0	0	14	59	0	0	0	0	0	0
fsh-generated/resources/Device-AstroSpacesuit.json	362	1	0	0	0	0	0	0	0	0	0	0	0	0	0	0	0	0	0	0	11	67	0	0	0	0	0	0
fsh-generated/resources/Device-CislunarHighwayPatrolSystem.json	397	1	0	0	0	0	0	0	0	1	0	0	0	0	0	0	0	0	0	0	12	22	0	0	0	0	0	0
fsh-generated/resources/Device-DeviceAirLock.json	352	2	0	0	0	0	0	0	0	0	0	0	0	0	0	0	0	0	0	0	11	7	0	0	0	0	0	0
fsh-generated/resources/Device-DeviceCyberTruck.json	361	1	0	0	0	0	0	0	0	1	0	0	0	0	0	0	0	0	0	0	89	8	0	0	0	0	0	0
fsh-generated/resources/Device-DeviceFlightRecorder.json	380	1	0	0	0	0	0	0	0	0	0	0	0	0	0	0	0	0	0	0	138	7	0	0	0	0	0	0
fsh-generated/resources/Device-DeviceFlightSuit.json	361	2	0	0	0	0	0	0	0	0	0	0	0	0	0	0	0	0	0	0	89	8	0	0	0	0	0	0
fsh-generated/resources/Device-DeviceHospitalBed.json	364	1	0	0	0	0	0	0	0	1	0	0	0	0	0	0	0	0	0	0	247	8	0	0	0	0	0	0
fsh-generated/resources/Device-DeviceLunarRover.json	355	1	0	0	0	0	0	0	0	0	0	0	0	0	0	0	0	0	0	0	96	6	0	0	0	0	0	0
fsh-generated/resources/Device-DeviceOrbitalReef.json	373	1	0	0	0	0	0	0	0	1	0	0	0	0	0	0	0	0	0	0	71	8	0	0	0	0	0	0
fsh-generated/resources/Device-DeviceRadiotelescope.json	386	2	0	0	0	0	0	0	0	0	0	0	0	0	0	0	0	0	0	0	37	9	0	0	0	0	0	0
fsh-generated/resources/Device-DeviceSmartClothing.json	379	1	0	0	0	0	0	0	0	1	0	0	0	0	0	0	0	0	0	0	25	9	0	0	0	0	0	0
fsh-generated/resources/Device-DeviceSpaceGarage.json	358	1	0	0	0	0	0	0	0	0	0	0	0	0	0	0	0	0	0	0	10	8	0	0	0	0	0	0
fsh-generated/resources/Device-DeviceSpaceSuit.json	358	1	0	0	0	0	0	0	0	0	0	0	0	0	0	0	0	0	0	0	12	6	0	0	0	0	0	0
fsh-generated/resources/Device-DeviceSpaceTent.json	352	1	0	0	0	0	0	0	0	1	0	0	0	0	0	0	0	0	0	0	9	6	0	0	0	0	0	0
fsh-generated/resources/Device-DeviceTelehealthMonitor.json	382	2	0	0	0	0	0	0	0	0	0	0	0	0	0	0	0	0	0	0	17	6	0	0	0	0	0	0
fsh-generated/resources/Device-DeviceVitalSignsMonitor.json	384	1	0	0	1	0	0	0	0	1	0	0	0	0	0	0	0	0	0	0	11	6	0	0	0	0	0	0
fsh-generated/resources/Device-DreamChaserVehicle.json	360	1	0	0	0	0	0	0	0	0	0	0	0	0	0	0	0	0	0	0	10	9	0	0	0	0	0	0
fsh-generated/resources/Device-JamesWebTelescope.json	369	1	0	0	0	0	0	0	0	1	0	0	0	0	0	0	0	0	0	0	11	6	0	0	0	0	0	0
fsh-generated/resources/Device-xEMUSpacesuit.json	359	1	0	0	0	0	0	0	0	0	0	0	0	0	0	0	0	0	0	0	10	6	0	0	0	0	0	0
fsh-generated/resources/Device-xEVASSpacesuit.json	361	1	0	0	0	0	0	0	0	0	0	0	0	0	0	0	0	0	0	0	11	7	0	0	0	0	0	0
fsh-generated/resources/ExampleScenario-ScenarioArtemis.json	169	2	0	0	0	0	0	0	0	3	0	0	0	0	0	0	0	0	0	0	9	949	0	0	0	0	0	0
fsh-generated/resources/ExampleScenario-ScenarioArtemisSurveying.json	187	1	0	0	0	0	0	0	0	1	0	0	0	0	0	0	0	0	0	0	10	16	0	0	0	0	0	0
fsh-generated/resources/ExampleScenario-ScenarioBiodomeConstruciton.json	193	1	0	0	0	0	0	0	0	1	0	0	0	0	0	0	0	0	0	0	9	15	0	0	0	0	0	0
fsh-generated/resources/ExampleScenario-ScenarioIceMining.json	173	1	0	0	0	0	0	0	0	1	0	0	0	0	0	0	0	0	0	0	11	42	0	0	0	0	0	0
fsh-generated/resources/ExampleScenario-ScenarioLunarFarming.json	179	1	0	0	0	0	0	0	0	1	0	0	0	0	0	0	0	0	0	0	9	46	0	0	0	0	0	0
fsh-generated/resources/ExampleScenario-ScenarioLunarGateway.json	179	1	0	0	0	0	0	0	0	1	0	0	0	0	0	0	0	0	0	0	9	76	0	0	0	0	0	0
fsh-generated/resources/ExampleScenario-ScenarioRadioTelescopeInstall.json	197	2	0	0	0	0	0	0	0	0	0	0	0	0	0	0	0	0	0	0	10	65	0	0	0	0	0	0
fsh-generated/resources/ExampleScenario-ScenarioSpaceOSHA.json	173	1	0	0	0	0	0	0	0	1	0	0	0	0	0	0	0	0	0	0	10	17	0	0	0	0	0	0
fsh-generated/resources/ExampleScenario-ScenarioSpaceTourism.json	179	1	0	0	0	0	0	0	0	1	0	0	0	0	0	0	0	0	0	0	10	16	0	0	0	0	0	0
fsh-generated/resources/ExampleScenario-ScenarioSpaceWalk.json	173	1	0	0	0	0	0	0	0	1	0	0	0	0	0	0	0	0	0	0	9	19	0	0	0	0	0	0
fsh-generated/resources/InsurancePlan-SpaceTourismTravelInsurance.json	196	1	0	0	0	0	0	0	0	0	0	0	0	0	0	0	0	0	0	0	11	9	0	0	0	0	0	0
fsh-generated/resources/Location-KennedySpaceCenter.json	226	2	0	0	0	0	0	0	0	0	0	0	0	0	0	0	0	0	0	0	10	10	0	0	0	0	0	0
fsh-generated/resources/Location-LabToOrbit.json	210	1	0	0	0	0	0	0	0	0	0	0	0	0	0	0	0	0	0	0	8	8	0	0	0	0	0	0
fsh-generated/resources/Location-LegangePoint2.json	217	1	0	0	0	0	0	0	0	0	0	0	0	0	0	0	0	0	0	0	8	9	0	0	0	0	0	0
fsh-generated/resources/Location-LocationAirlock1.json	94	1	0	0	0	0	0	0	0	1	0	0	0	0	0	0	0	0	0	0	6	8	0	0	0	0	0	0
fsh-generated/resources/Location-LocationArtemisSpaceCamp.json	230	1	0	0	0	0	0	0	0	0	0	0	0	0	0	0	0	0	0	0	9	7	0	0	0	0	0	0
fsh-generated/resources/Location-LocationBiosphere2.json	98	1	0	0	0	0	0	0	0	0	0	0	0	0	0	0	0	0	0	0	7	8	0	0	0	0	0	0
fsh-generated/resources/Location-LocationCrater0.json	91	1	0	0	0	0	0	0	0	0	0	0	0	0	0	0	0	0	0	0	12	8	0	0	0	0	0	0
fsh-generated/resources/Location-LocationCrater1.json	95	1	0	0	0	0	0	0	0	0	0	0	0	0	0	0	0	0	0	0	6	9	0	0	0	0	0	0
fsh-generated/resources/Location-LocationCrater2.json	101	2	0	0	1	0	0	0	0	0	0	0	0	0	0	0	0	0	0	0	11	7	0	0	0	0	0	0
fsh-generated/resources/Location-LocationCrater3.json	99	1	0	0	0	0	0	0	0	1	0	0	0	0	0	0	0	0	0	0	6	6	0	0	0	0	0	0
fsh-generated/resources/Location-LocationCyberTruck.json	99	1	0	0	0	0	0	0	0	0	0	0	0	0	0	0	0	0	0	0	6	7	0	0	0	0	0	0
fsh-generated/resources/Location-LocationDragon.json	98	1	0	0	0	0	0	0	0	0	0	0	0	0	0	0	0	0	0	0	5	5	0	0	0	0	0	0
fsh-generated/resources/Location-LocationIcuBed.json	91	1	0	0	0	0	0	0	0	0	0	0	0	0	0	0	0	0	0	0	6	7	0	0	0	0	0	0
fsh-generated/resources/Location-LocationIcuWard.json	93	1	0	0	0	0	0	0	0	0	0	0	0	0	0	0	0	0	0	0	6	5	0	0	0	0	0	0
fsh-generated/resources/Location-LocationInternationalSpaceStation.json	224	1	0	0	0	0	0	0	0	0	0	0	0	0	0	0	0	0	0	0	9	9	0	0	0	0	0	0
fsh-generated/resources/Location-LocationLunarBuggy.json	98	1	0	0	0	0	0	0	0	0	0	0	0	0	0	0	0	0	0	0	5	6	0	0	0	0	0	0
fsh-generated/resources/Location-LocationLunarGateway.json	215	2	0	0	0	0	0	0	0	1	0	0	0	0	0	0	0	0	0	0	8	5	0	0	0	0	0	0
fsh-generated/resources/Location-LocationLunarTent1.json	100	1	0	0	0	0	0	0	0	0	0	0	0	0	0	0	0	0	0	0	6	9	0	0	0	0	0	0
fsh-generated/resources/Location-LocationLunarVillage.json	221	1	0	0	0	0	0	0	0	0	0	0	0	0	0	0	0	0	0	0	11	8	0	0	0	0	0	0
fsh-generated/resources/Location-LocationMirSpaceStation.json	214	1	0	0	0	0	0	0	0	0	0	0	0	0	0	0	0	0	0	0	8	6	0	0	0	0	0	0
fsh-generated/resources/Location-LocationOrbitalReefSpaceStation.json	231	1	0	0	0	0	0	0	0	0	0	0	0	0	0	0	0	0	0	0	10	6	0	0	0	0	0	0
fsh-generated/resources/Location-LocationSoyez.json	96	1	0	0	0	0	0	0	0	0	0	0	0	0	0	0	0	0	0	0	6	6	0	0	0	0	0	0
fsh-generated/resources/Location-LocationSpaceGarage.json	101	1	0	0	0	0	0	0	0	1	0	0	0	0	0	0	0	0	0	0	6	6	0	0	0	0	0	0
fsh-generated/resources/Location-LocationSpaceLabSpaceStation.json	225	2	0	0	0	0	0	0	0	0	0	0	0	0	0	0	0	0	0	0	9	6	0	0	0	0	0	0
fsh-generated/resources/Location-LocationTaingong.json	221	1	0	0	0	0	0	0	0	0	0	0	0	0	0	0	0	0	0	0	8	7	0	0	0	0	0	0
fsh-generated/resources/Observation-Observation.Environmental-1.json	392	1	0	0	0	0	0	0	1	1	0	0	0	0	0	0	0	0	0	0	9	11	0	0	0	0	0	1
fsh-generated/resources/Observation-Observation.Kepler.ECI.1.json	2028	1	0	0	0	0	0	0	0	1	0	0	0	0	0	0	0	0	0	0	17	11	0	0	0	0	0	0
fsh-generated/resources/Organization-AxiomSpace.json	84	1	0	0	0	0	0	0	0	0	0	0	0	0	0	0	0	0	0	0	11	8	0	0	0	0	0	0
fsh-generated/resources/Organization-CollinsAerospace.json	96	2	0	0	0	0	0	0	0	0	0	0	0	0	0	0	0	0	0	0	7	6	0	0	0	0	0	0
fsh-generated/resources/Organization-GlennResearchCenter.json	103	1	0	0	0	0	0	0	0	0	0	0	0	0	0	0	0	0	0	0	6	6	0	0	0	0	0	0
fsh-generated/resources/Organization-IlcDover.json	80	1	0	0	0	0	0	0	0	1	0	0	0	0	0	0	0	0	0	0	6	6	0	0	0	0	0	0
fsh-generated/resources/Organization-NASA.json	71	1	0	0	0	0	0	0	0	0	0	0	0	0	0	0	0	0	0	0	6	10	0	0	0	0	0	0
fsh-generated/resources/Organization-Oceaneering.json	85	1	0	0	1	0	0	0	0	0	0	0	0	0	0	0	0	0	0	0	5	6	0	0	0	0	0	0
fsh-generated/resources/Organization-PineParkEngineering.json	103	1	0	0	0	0	0	0	0	0	0	0	0	0	0	0	0	0	0	0	6	7	0	0	0	0	0	0
fsh-generated/resources/Organization-SieraSpace.json	85	1	0	0	0	0	0	0	0	0	0	0	1	0	0	0	0	0	0	0	6	8	0	0	0	0	0	0
fsh-generated/resources/Organization-SpaceForce.json	197	2	0	0	0	0	0	0	0	0	0	0	0	0	0	0	0	0	0	0	8	9	0	0	0	0	0	0
fsh-generated/resources/Organization-StarHarborAcademy.json	99	1	0	0	0	0	0	0	0	0	0	0	0	0	0	0	0	0	0	0	6	9	0	0	0	0	0	0
fsh-generated/resources/Organization-TRISH.json	73	1	0	0	0	0	0	0	0	1	0	0	0	0	0	0	0	0	0	0	5	6	0	0	0	0	0	0
fsh-generated/resources/Organization-UsDepartmentOfCommerce.json	107	1	0	0	0	0	0	0	0	0	0	0	0	0	0	0	0	0	0	0	6	9	0	0	0	0	0	0
fsh-generated/resources/Organization-UsDeptOfDefence.json	93	1	0	0	0	0	0	0	0	0	0	0	0	0	0	0	0	0	0	0	6	6	0	0	0	0	0	0
fsh-generated/resources/Organization-UsOfficeOfSpaceCommerce.json	111	1	0	0	0	0	0	0	0	0	0	0	0	0	0	0	0	0	0	0	6	6	0	0	0	0	0	0
fsh-generated/resources/Patient-janeway.json	266	1	0	0	0	0	0	0	0	0	0	0	0	0	0	0	0	0	0	0	23	15	0	0	0	0	0	0
fsh-generated/resources/Patient-kirk.json	256	1	0	0	0	0	0	0	0	1	0	0	0	0	0	0	0	0	0	0	89	10	0	0	0	0	0	0
fsh-generated/resources/Patient-redshirt1.json	258	2	0	0	0	0	0	0	0	0	0	0	0	0	0	0	0	0	0	0	39	6	0	0	0	0	0	0
fsh-generated/resources/Patient-redshirt2.json	258	1	0	0	0	0	0	0	0	0	0	0	0	0	0	0	0	0	0	0	140	12	0	0	0	0	0	0
fsh-generated/resources/Patient-sarek.json	257	1	0	0	0	0	0	0	0	0	0	0	0	0	0	0	0	0	0	0	64	11	0	0	0	0	0	0
fsh-generated/resources/Patient-space-construction-engineer-1.json	292	1	0	0	0	0	0	0	0	0	0	0	0	0	0	0	0	0	0	0	68	9	0	0	0	0	0	0
fsh-generated/resources/Patient-space-engineer-1.json	272	2	0	0	0	0	0	0	0	0	0	0	0	0	0	0	0	0	0	0	82	9	0	0	0	0	0	0
fsh-generated/resources/Patient-spaceminer1.json	264	1	0	0	0	0	0	0	0	0	0	0	0	0	0	0	0	0	0	0	154	6	0	0	0	0	0	0
fsh-generated/resources/Procedure-ProcedureBoneDensitometry.json	488	1	0	0	0	0	0	0	0	2	0	0	0	0	0	0	0	0	0	0	111	13	0	0	0	0	0	0
fsh-generated/resources/Procedure-ProcedureCompression.json	472	1	0	0	0	0	0	0	0	0	0	0	0	0	0	0	0	0	0	0	73	22	0	0	0	0	0	0
fsh-generated/resources/Procedure-ProcedureDecompression.json	476	2	0	0	0	0	0	0	0	0	0	0	0	0	0	0	0	0	0	0	65	15	0	0	0	0	0	0
fsh-generated/resources/Procedure-ProcedureEyeExam.json	465	1	0	0	0	0	0	0	0	1	0	0	0	0	0	0	0	0	0	0	62	9	0	0	0	0	0	0
fsh-generated/resources/Procedure-ProcedureHearingExam.json	473	1	0	0	0	0	0	0	0	0	0	0	0	0	0	0	0	0	0	0	38	38	0	0	0	0	0	0
fsh-generated/resources/Procedure-ProcedureUltrasound.json	490	1	0	0	0	0	0	0	0	0	0	0	0	0	0	0	0	0	0	0	11	7	0	0	0	0	0	0
fsh-generated/resources/RiskAssessment-RiskAssesmentAtmosphere.json	316	1	0	0	0	0	0	0	0	2	0	0	0	0	0	0	0	0	0	0	11	10	0	0	0	0	0	0
fsh-generated/resources/RiskAssessment-RiskAssesmentCalorieRestriction.json	324	1	0	0	0	0	0	0	0	1	0	0	0	0	0	0	0	0	0	0	10	7	0	0	0	0	0	0
fsh-generated/resources/RiskAssessment-RiskAssesmentCancer.json	312	2	0	0	0	0	0	0	0	1	0	0	0	0	0	0	0	0	0	0	10	7	0	0	0	0	0	0
fsh-generated/resources/RiskAssessment-RiskAssesmentContamination.json	319	1	0	0	0	0	0	0	0	1	0	0	0	0	0	0	0	0	0	0	9	8	0	0	0	0	0	0
fsh-generated/resources/RiskAssessment-RiskAssesmentFlightRisk.json	316	1	0	0	1	0	0	0	0	1	0	0	0	0	0	0	0	1	0	0	10	8	0	0	0	0	0	0
fsh-generated/resources/RiskAssessment-RiskAssesmentMission.json	313	1	0	0	0	0	0	0	0	1	0	0	0	0	0	0	0	0	0	0	10	9	0	0	0	0	0	0
fsh-generated/resources/StructureDefinition-Astronaut.json	642	2	0	19	0	0	0	0	0	16	0	0	0	0	0	0	0	0	0	0	320	337	0	0	0	4	0	0
fsh-generated/resources/StructureDefinition-EnvironmentalMonitoring.json	648	1	0	25	0	0	0	0	0	7	0	0	0	0	0	0	0	1	0	0	389	234	0	0	0	3	0	1
fsh-generated/resources/StructureDefinition-GimbalScreening.json	3331	7	0	99	0	0	0	0	0	16	0	0	1	0	0	0	0	1	0	0	1036	493	0	0	0	10	0	1
fsh-generated/resources/StructureDefinition-GimbalScreeningCondition.json	677	1	0	12	0	0	0	0	0	6	0	0	0	0	0	0	0	0	0	0	268	139	0	0	0	3	0	0
fsh-generated/resources/StructureDefinition-GimbalScreeningMedication.json	686	2	0	11	0	0	0	0	0	4	0	0	0	0	0	0	0	1	0	0	212	121	0	0	0	2	0	1
fsh-generated/resources/StructureDefinition-GimbalScreeningObservation.json	695	1	0	13	0	0	0	0	0	7	0	0	0	0	0	0	0	0	0	0	357	166	0	0	0	4	0	0
fsh-generated/resources/StructureDefinition-GimbalScreeningProcedure.json	685	2	0	12	0	0	0	0	0	6	0	0	0	0	0	0	0	0	0	0	294	184	0	0	0	2	0	0
fsh-generated/resources/StructureDefinition-SpaceCondition.json	627	1	0	16	0	0	0	0	0	5	0	0	0	0	0	0	0	1	0	0	262	183	0	0	0	3	0	1
fsh-generated/resources/StructureDefinition-SpaceEquipment.json	612	1	0	19	0	0	0	0	0	6	0	0	0	0	0	0	0	0	0	0	336	151	0	0	0	3	0	0
fsh-generated/resources/StructureDefinition-SpaceInsurance.json	614	1	0	22	0	0	0	0	0	7	0	0	0	0	0	0	0	1	0	0	401	222	0	0	0	4	0	0
fsh-generated/resources/StructureDefinition-SpaceInsuranceContract.json	642	2	0	37	0	0	0	0	0	13	0	0	1	0	0	0	0	1	0	0	928	345	0	0	0	8	1	1
fsh-generated/resources/StructureDefinition-SpaceLocation.json	644	1	0	18	0	0	0	0	0	5	0	0	0	0	0	0	0	1	0	0	220	196	0	0	0	2	0	1
fsh-generated/resources/StructureDefinition-SpaceOrg.json	622	1	0	13	0	0	0	0	0	4	0	0	0	0	0	0	0	0	0	0	179	94	0	0	0	2	0	0
fsh-generated/resources/StructureDefinition-SpaceProcedure.json	627	2	0	18	0	0	0	0	0	16	0	0	0	0	0	0	0	0	0	0	284	143	0	0	0	3	0	0
fsh-generated/resources/StructureDefinition-SpaceRiskAssesment.json	642	1	0	14	0	0	0	0	0	6	0	0	0	0	0	0	0	1	0	0	201	104	0	0	0	2	0	0
fsh-generated/resources/StructureDefinition-SpaceVehicle.json	667	1	0	15	0	0	0	0	0	5	0	0	0	0	0	0	0	0	0	0	221	109	0	0	0	3	0	0
fsh-generated/resources/StructureDefinition-vital-signs-panel.json	6736	2	0	33	0	0	0	0	0	185	0	0	0	0	0	0	0	1	0	0	714	730	0	0	0	6	0	1
fsh-generated/resources/ValueSet-AircraftFumeExposureValueSet.json	2567	1	0	0	0	0	0	0	0	403	0	0	0	0	0	0	0	0	0	0	26	9809	0	0	0	1	0	0
fsh-generated/resources/ValueSet-Astronaut-Back-Pain.json	1150	2	0	0	1	0	0	0	0	369	0	0	0	0	0	0	0	0	0	0	17	293	0	0	0	0	0	0
fsh-generated/resources/ValueSet-GimbalContraindicatedConditions.json	1604	1	0	0	0	0	0	0	0	242	0	0	0	0	0	0	0	0	0	0	20	642	0	0	0	0	0	0
fsh-generated/resources/ValueSet-LunarDustToxicityValueSet.json	2361	1	0	0	0	0	0	0	0	366	0	0	0	0	0	0	0	0	0	0	25	1275	0	0	0	0	0	0
fsh-generated/resources/ValueSet-Muscle-Stiffness-and-Space-Health.json	1033	2	0	0	0	0	0	0	0	414	0	0	0	0	0	0	0	0	0	0	17	214	0	0	0	0	0	0
fsh-generated/resources/ValueSet-SleepLossHypoxiaEffect.json	1647	1	0	0	0	0	0	0	0	368	0	0	0	0	0	0	0	0	0	0	20	200	0	0	0	1	0	0
fsh-generated/resources/ValueSet-SleepLossHypoxiaResponses.json	1524	1	0	0	0	0	0	0	0	1542	0	0	0	0	0	0	0	0	0	0	20	243	0	0	0	0	0	0
fsh-generated/resources/ValueSet-Space-Adaptation-Bone-Health.json	1649	2	0	0	0	0	0	0	0	558	0	0	0	0	0	0	0	0	0	0	20	310	0	0	0	0	0	0
fsh-generated/resources/ValueSet-SpaceRadiationRisksVS.json	858	1	0	0	0	0	0	0	0	406	0	0	0	0	0	0	0	0	0	0	14	216	0	0	0	0	0	0
fsh-generated/resources/ValueSet-SpaceTravelBrainChanges.json	1454	1	0	0	0	0	0	0	1	429	0	0	0	0	0	0	0	0	0	0	18	191	0	0	0	0	0	0
fsh-generated/resources/ValueSet-SpaceflightStressFactors.json	2827	2	0	0	0	0	0	0	0	488	0	0	0	0	0	0	0	0	0	0	28	242	0	0	0	0	0	0
input/resources/StructureDefinition-average-blood-pressure.json	300035	11	0	33	0	0	0	0	0	1	0	0	1	0	0	0	0	1	0	0	1018	1174	0	2	0	9	0	1
input/resources/StructureDefinition-body-mass-index.json	182973	8	0	21	0	0	0	0	0	0	0	0	0	0	0	0	0	1	0	0	556	270	0	0	0	6	0	0
input/resources/StructureDefinition-body-temperature.json	220953	9	0	11	0	0	0	0	0	0	0	0	1	0	0	1	0	0	0	0	662	580	0	0	0	6	0	1
input/resources/StructureDefinition-body-weight.json	218536	8	0	10	0	0	0	0	0	0	0	0	0	0	0	0	0	1	0	0	666	270	0	1	0	7	1	1
input/resources/StructureDefinition-bp-device.json	117903	6	0	7	0	0	0	0	0	0	0	0	0	0	0	0	0	1	0	0	361	128	0	0	0	3	0	0
input/resources/StructureDefinition-heart-rate.json	229708	9	0	11	0	0	0	0	0	0	0	0	0	0	0	0	0	1	0	0	745	317	0	1	0	6	0	1
input/resources/StructureDefinition-height.json	218779	11	0	10	0	0	0	0	0	0	0	0	0	0	0	0	0	0	0	0	724	329	0	0	0	6	0	0
input/resources/StructureDefinition-oxygen-saturation-arterial-blood-pulseOx.json	274736	10	0	12	0	0	0	0	0	0	0	0	1	0	0	0	0	2	0	0	851	398	0	1	0	8	0	1
input/resources/StructureDefinition-oxygen-saturation-arterial-blood.json	179131	6	0	18	0	0	0	0	0	0	0	0	0	0	0	0	0	0	0	0	556	359	0	0	0	5	0	0
input/resources/StructureDefinition-respiratory-rate.json	236840	9	0	11	0	0	0	0	0	0	0	0	0	0	0	0	0	1	0	0	708	520	0	0	0	6	0	1
input/resources/StructureDefinition-twenty-four-hour-blood-pressure.json	302526	11	0	39	0	0	0	0	0	1	0	0	0	0	0	0	0	1	0	0	1047	1012	0	1	0	8	0	0
input/resources/StructureDefinitions-BloodPressurePanel.json	389111	14	0	18	0	0	0	0	0	0	0	0	0	0	0	0	0	1	0	0	1245	372	0	0	0	10	1	1
